modelo;linha;sdk;urna;biometria;facial;qrcode;emite_origem6;lista_usuarios;tabelas_horario;memoria_registros;status_homologacao;selo_procedencia
Catraca Fit 4;Linha 4;EasyInner;LACUNA;LACUNA;LACUNA;LACUNA;A_CONFIRMAR_COM_TOPDATA;LACUNA;LACUNA;LACUNA;NAO_ENSAIADO;BRIEFING_NAO_VERIFICADO
Revolution 4;Linha 4;EasyInner;LACUNA;LACUNA;LACUNA;LACUNA;A_CONFIRMAR_COM_TOPDATA;LACUNA;LACUNA;LACUNA;NAO_ENSAIADO;BRIEFING_NAO_VERIFICADO
Box 4;Linha 4;EasyInner;LACUNA;LACUNA;LACUNA;LACUNA;A_CONFIRMAR_COM_TOPDATA;LACUNA;LACUNA;LACUNA;NAO_ENSAIADO;BRIEFING_NAO_VERIFICADO
PNE 4;Linha 4;EasyInner;LACUNA;LACUNA;LACUNA;LACUNA;A_CONFIRMAR_COM_TOPDATA;LACUNA;LACUNA;LACUNA;NAO_ENSAIADO;BRIEFING_NAO_VERIFICADO
Coletor Inner Acesso 2;LACUNA;EasyInner;LACUNA;LACUNA;LACUNA;LACUNA;A_CONFIRMAR_COM_TOPDATA;LACUNA;LACUNA;LACUNA;NAO_ENSAIADO;BRIEFING_NAO_VERIFICADO
Inner Acesso;Linha 3 (legada);EasyInner;LACUNA;LACUNA;LACUNA;LACUNA;A_CONFIRMAR_COM_TOPDATA;LACUNA;LACUNA;LACUNA;NAO_ENSAIADO;BRIEFING_NAO_VERIFICADO
Coletor Urna;LACUNA;EasyInner;sim;LACUNA;LACUNA;LACUNA;A_CONFIRMAR_COM_TOPDATA;LACUNA;LACUNA;LACUNA;NAO_ENSAIADO;BRIEFING_NAO_VERIFICADO
Coletor Urna 4;Linha 4;EasyInner;sim - media 750 cartoes;LACUNA;nao;LACUNA;NAO SE APLICA - aciona cancela-porta por contato seco, nao tem mecanismo de giro;15000 (cartoes de 4 a 16 digitos);100;30000;NAO_ENSAIADO;FONTE_PRIMARIA
Linha Easy (facial);Easy;SDK Leitor Facial;nao;LACUNA;sim;LACUNA;nao se aplica (sendlog nao confirma giro);LACUNA;LACUNA;LACUNA;NAO_ENSAIADO;BRIEFING_NAO_VERIFICADO
